"Position in Read (bp)"	"SRR8932929_RNA_THP1_24hrPMA_rep2_R1"	"SRR8932929_RNA_THP1_24hrPMA_rep2_R2"	"SRR8932930_RNA_THP1_0hrPMA_rep1_R1"	"SRR8932930_RNA_THP1_0hrPMA_rep1_R2"	"SRR8932933_1144-KB-4-GAGATTCC-ATAGAGGC_S31_R1_001_R1"	"SRR8932933_1144-KB-4-GAGATTCC-ATAGAGGC_S31_R2_001_R2"	"SRR8932934_RNA_THP1_24hrPMA_rep1_R1"	"SRR8932934_RNA_THP1_24hrPMA_rep1_R2"	"SRR8932935_RNA_THP1_0hrPMA_rep2_R1"	"SRR8932935_RNA_THP1_0hrPMA_rep2_R2"	"SRR8932938_RNA_THP1_2hrPMA_rep2_R1"	"SRR8932938_RNA_THP1_2hrPMA_rep2_R2"
1	0.00001980940606349223	0.03978153224822029	0.000022015575968196146	0.03961249633618727	0.000022870065097353292	0.03986252346468679	0.000014772944070477918	0.039753992493656076	0.000019491083663685883	0.040126050299884336	0.040246261611359906	0.000022092088163227615
2	0.1209123697388287	0.01692713748125411	0.12128510304267304	0.01661139958494423	0.12118593383253094	0.01696704718389199	0.12129853334211269	0.016752518575921957	0.12107130256244283	0.016804968696284173	0.016947393132215983	0.12074983087816134
3	0	0.00003961881212698446	0	0.00004532618581687441	0	0.00006225739943168396	0	0.000046429252792930596	0	0.00005725505826207728	0.00006351475346927939	0
4	0.000110366690925171	0.000029714109095238347	0.00011266794760194496	0.000015540406565785514	0.00014484374561657087	0.000019058387581127745	0.00015195028186777286	0.00001688336465197476	0.00012669204381395824	0.000014618312747764413	0.000019330577142824163	0.00014083706204057604
5	0.001603146933566907	0.0000919722424376425	0.0015540406565785513	0.00009712754103615946	0.001727960474022249	0.00011307976631469129	0.0016967781475234636	0.00011396271140082965	0.0016884151223667896	0.00011451011652415456	0.00013255252897936568	0.0017010907885685262
6	0.0007060638304059016	0.00016272012123582906	0.0006514020418825094	0.000174829573865087	0.000665773006167396	0.00018168996160675116	0.0006478991185195315	0.0001899378523347161	0.0006212782917799875	0.00019856541482379992	0.00019882879346904854	0.0006379090457131974
7	0	0.00026884193943310886	0.000002590067760964252	0.00026677697937931797	0.000001270559172075183	0.00026935854447993876	0.000002110420581496845	0.0002975693019910552	0	0.000294802640413249	0.0003313813224484142	0
8	0	0.000520704387954653	0	0.0004947029423441722	0	0.0005044119913138477	0	0.0005677031364226514	0	0.0005189501025456367	0.0005578252261214973	0
9	0	0.0005532484122018187	0	0.0005426191959220109	0	0.0005717516274338323	0	0.0006436782773565379	0	0.0005725505826207728	0.0006185784685703732	0
10	0.00000919722424376425	0.001382413551716565	0.00000841772022313382	0.0013481302695818932	0.000011435032548676646	0.0014433552194774077	0.000011607313198232649	0.0014108161587306411	0.000009136445467352759	0.001355239410990659	0.0014442702636710053	0.000009665288571412081
12	0.0000014149575759637307	0.0008072332970873084	0.000001295033880482126	0.0007757252944087936	0.0000019058387581127744	0.0008214165047466057	0.0000010552102907484226	0.0008663276487044549	0.000004263674551431287	0.0007973071411176507	0.0008339763281618424	0.000001380755510201726
14	0	0.00069403669101021	0	0.0006624098298666075	0	0.0007019839425715386	0	0.0007365367829423989	0	0.0006901061809673784	0.0007414657089783269	0
16	0.00007287031516213214	0.000023346800003401557	0.00007834954976916863	0.00003302336395229421	0.00006861019529205988	0.00002604646302754125	0.0000833616129691254	0.000015828154361226338	0.00008161891284168464	0.000030454818224509194	0.000031757376734639694	0.00008698759714270873
18	0	0	0	0	0	0	0	0	0	0.0000012181927289803677	0	0
20	0.00003395898182312954	0.000013442096971655443	0.000029785779251088902	0.000012302821864580198	0.000029858140543766798	0.000013340871306789421	0.000026380257268710565	0.000009496892616735804	0.000032282107317979746	0.000015227409112254597	0.000013807555102017258	0.000031757376734639694
22	0	0.000026884193943310886	0	0.00002525316066940146	0	0.000033669818059992345	0	0.000029545888140955835	0	0.00002558204730858772	0.000038661154285648325	0
24	0	0.00012380878789682644	0	0.00012561828640676623	0	0.00013658511099808217	0	0.000129790865762056	0	0.0001346102965523306	0.00017259443877521574	0
26	7.074787879818654e-7	0.00019314170911904926	0.000001295033880482126	0.00020267280229545272	6.352795860375915e-7	0.0002001130696018413	0.0000010552102907484226	0.0002036555861144456	0.0000012181927289803677	0.0001961290293658392	0.00020711332653025887	0.000002761511020403452
28	0.0000028299151519274615	0.0004053853455136089	0.00000841772022313382	0.00040987822317259295	0.000003811677516225549	0.0004173786880266976	0.00000844168232598738	0.0004241945368808659	0.000004263674551431287	0.0004330675151525207	0.00046531460693798163	0.000006903777551008629
30	0	0.000720213406165539	0	0.0007006133293408302	0	0.0007146895342922903	0	0.0007534201475943738	0	0.0007296974446592403	0.0007953151738761941	0
32	0	0.001072537842580508	0	0.0010612802650551024	0	0.001059011069924665	0	0.001065762393655907	0	0.0010360729159978026	0.0011101274302021877	0
34	0.00005376838788662177	0.000961463672867355	0.000045973702757115476	0.0009376045294690594	0.000037481495576217896	0.0009586368953307255	0.00003587714988544637	0.0009971737247572595	0.00005055499825268526	0.0009465357504177458	0.0010300436106104875	0.00005523022040806903
36	0.00014857054547619172	0.001397978085052166	0.00013338848968965898	0.001377916048832982	0.00013912622934223254	0.0014293790685845807	0.000129790865762056	0.0014772944070477918	0.00014861951293560486	0.0013997034455984424	0.0014870736844872588	0.00013531403999976913
38	0	0.0016929967396406038	0	0.0016531107484354338	0	0.0017457483024313014	0	0.0018181273309595325	0	0.0016908515078247505	0.0017908398967316384	0
40	0	0.0013859509456564743	0	0.001326114693613697	0	0.0013785567017015735	0	0.0014646318835588108	0	0.001348539350981267	0.001430462708568988	0
42	0.0000021224363639455963	0.0015408888002245028	0.0000019425508207231893	0.0014750435898691415	0.000002541118344150366	0.0015583408245502118	0.0000010552102907484226	0.0016387415815323004	0	0.0015148226584870872	0.0016085801693850104	0.0000041422665306051776
44	0.00004174124849093006	0.0021097017457619226	0.00004338363499615122	0.0021005449541420087	0.00004510485060866899	0.0021929851310017656	0.00004431883221143375	0.0022254385031884234	0.00005055499825268526	0.002113564384780938	0.0022464892150982083	0.00005246870938766558
46	0.00002617671515532902	0.0018309551032970677	0.00002525316066940146	0.001787794272005575	0.00003049342012980439	0.0018924978868059851	0.000028490677850207412	0.00194686298643084	0.00002558204730858772	0.0018333800571154533	0.0019399614918334247	0.00002071133265302589
48	0	0.0012961011395827774	0	0.001253592796306698	0	0.0013334518510929045	0	0.0013686077471007042	0	0.0012882388108967388	0.001354521155507893	0
50	0.0038755688005646586	0.001424154800207495	0.0037724336938444337	0.0013811536335341875	0.003792619128644421	0.0014249321114823176	0.00377976326146085	0.0014498589394883329	0.003913444141849432	0.0013826487473927174	0.0014898351955076623	0.003766701031830308
52	0.0053273152735034465	0.0019993350548367515	0.005172365318645612	0.0019567961934084926	0.005220092358470889	0.002026541879459917	0.005250726406764151	0.002074543431611399	0.005413648487588754	0.001938144631807765	0.002026949088976134	0.00527172453795019
54	0.005177329770451291	0.0017460576487392438	0.005011133600525587	0.0017010270020132727	0.005072707494510167	0.001738760226984888	0.00506395418530168	0.0018001887560168091	0.005241274216438032	0.001696942471469652	0.001833643317547892	0.0050632304559097285
56	0.00563223863112363	0.0019349544851304018	0.005514254263092893	0.0018771516097588416	0.005523756000596858	0.001961108082098045	0.005564123863116432	0.002001733921549758	0.005711496609824454	0.0018912442117420207	0.0020172838004047216	0.005601725104888402
58	0.0048363249946440316	0.00183944484875285	0.004700972986150118	0.0017651311790971378	0.0047201273242593045	0.00184104024033694	0.004727342102552933	0.001907820205673148	0.0048946983850431175	0.0017962251788815522	0.0018916350489763646	0.0047277068669307094
60	0.005978195758446762	0.0015755552608356144	0.005804341852320889	0.0015113045385226412	0.005854101385336406	0.0015678700183407758	0.005890183842957696	0.0016281894786248164	0.0060367540684622125	0.0015166499475805578	0.0015809650591809762	0.005899968295091975
62	0.006232888122120234	0.0014899503274898086	0.006095724475429367	0.0014025216925621425	0.006138071360295209	0.0014605077683004228	0.00618775314494875	0.0015680424920521561	0.006318156588856678	0.0014277218783649908	0.0015395423938749243	0.006212019040397565
64	0.006472723431246086	0.0015203719153730286	0.006295807209963856	0.001458855666363115	0.006303244052664983	0.0015151418126996556	0.006360807632631492	0.0015817602258318857	0.0065295130273347705	0.0014794950693466564	0.001561634482038152	0.006394278767744193
66	0.006261187273639509	0.0015005625093095364	0.006056225942074662	0.0014497904291997403	0.006100589864718991	0.001510059576011355	0.006139213471574324	0.00155854559943542	0.006315111107034226	0.001454522118402559	0.0015423039048953278	0.006158169575499697
68	0.0047535499764501535	0.0014008080002040936	0.0046252135041419135	0.0013416551001794825	0.004668669677790259	0.0014134970789336412	0.004680912849760003	0.0014635766732680622	0.004822825014033276	0.0013753395910188352	0.0014290819530587862	0.004626911714685983
70	0.0037432702672120497	0.0013463321335294898	0.0036241523145292298	0.001313811871749117	0.003676362964399542	0.0013728391854272352	0.003643641133954304	0.0014276995233826158	0.003800152218054257	0.0013387938091494241	0.0014125128869363656	0.0036023911261163027
72	0.000004952351515873058	0.0012423327516961555	0.000002590067760964252	0.0011933737208642793	0.0000044469571022631405	0.0012419715907034912	0.000002110420581496845	0.0013021294987835537	0.000003045481822450919	0.0012072289944195444	0.0012537260032631672	0.000005523022040806904
74	7.074787879818654e-7	0.001298223575946723	0	0.0012581254148883855	0	0.0013169345818559272	0	0.0013738837985544463	0	0.0012516930290273278	0.0013200022677528499	0
76	0	0.0012706319032154301	0	0.001231577220338502	0	0.0012966056351027243	0	0.0013622764853562137	0	0.0012541294144852884	0.0013075754681610343	0
78	0.00007004040001020467	0.001634983479026091	0.00006086659238265993	0.0015851214697101225	0.00008068050742677412	0.001673326429623016	0.00006120219686340851	0.0017136615121754386	0.00006882788918739077	0.001603750727702654	0.0016789987004052986	0.000085606841632507
80	0	0.0015543308971961581	0	0.0015236073603872213	0	0.0015869284059219035	0	0.001663011418219514	0	0.0015355319348797536	0.0016168647024462212	0
82	0.00003183654545918394	0.0009508514910476271	0.000029785779251088902	0.000933071910887372	0.00004192845267848104	0.0009732483258095902	0.000025325046977962145	0.001038326926096448	0.00003898216732737177	0.000964199544987961	0.0010314243661206893	0.00004004190979585005
84	0.0005999420122086218	0.001324400291102052	0.0005892404156193674	0.001302156566824778	0.0005615871540572308	0.001340439926539318	0.0005434332997354376	0.001372828588263698	0.000576814257172204	0.0013040753163734836	0.0013683287106099104	0.0005315908714276645
86	0.0004895753212834508	0.0013208628971621427	0.00047592495107718133	0.0012917962957809206	0.0004516837856727275	0.0013309107327487543	0.0004558508456033186	0.0013759942191359433	0.0004787497424892845	0.0012870206181677586	0.0013614249330589018	0.0004335572302033419
88	0.00034524964853515033	0.0017460576487392438	0.0003133981990766745	0.001685486595447487	0.0003004872441957808	0.0017552774962218652	0.00029018282995581625	0.0018139064897965385	0.00033013022955367965	0.00168902421873128	0.0017742708306092178	0.0002802933685709504
90	0.00011814895759297152	0.0015394738426485392	0.00010360271043857009	0.001489936479494686	0.00009973889500790186	0.0015773992121313398	0.00009496892616735805	0.001595477959611615	0.00010598276742129199	0.0015190863330385184	0.001612722435915616	0.0000800838195917001
92	0	0.0013010534910986504	0	0.001265248101231037	0	0.001301687871791025	0	0.0013612212750654653	0	0.0012559567035787592	0.0013255252897936569	0
94	7.074787879818654e-7	0.0014538689093027332	6.47516940241063e-7	0.0014018741756219016	0	0.001454154972440047	0.000003165630872245268	0.0015363861833297035	6.090963644901839e-7	0.0014124944692527363	0.0014967389730586708	0
96	0.000004952351515873058	0.0017644520972267723	0.000005180135521928504	0.0016984369342523083	0.000005717516274338323	0.0017571833349799778	0.000003165630872245268	0.0018318450647392618	0.0000054818672804116545	0.0017079062060304754	0.001808789718364261	0.0000041422665306051776
98	0.000008489745455782385	0.0016788471638809665	0.000005180135521928504	0.0016239724861245861	0.000005717516274338323	0.0016765028275532038	0.000003165630872245268	0.0017263240356644196	0.000004872770915921471	0.0016171508477214383	0.0017563210089765952	0.000006903777551008629
100	0	0.0015366439274966115	0	0.0014996492335983022	0	0.001548811630759648	0.000002110420581496845	0.0016419072124045457	0	0.00152395910395444	0.0016210069689768262	0.000002761511020403452
