"Position (bp)"	"SRR8932929_RNA_THP1_24hrPMA_rep2_R1"	"SRR8932929_RNA_THP1_24hrPMA_rep2_R2"	"SRR8932930_RNA_THP1_0hrPMA_rep1_R1"	"SRR8932930_RNA_THP1_0hrPMA_rep1_R2"	"SRR8932933_1144-KB-4-GAGATTCC-ATAGAGGC_S31_R1_001"	"SRR8932933_1144-KB-4-GAGATTCC-ATAGAGGC_S31_R2_001"	"SRR8932934_RNA_THP1_24hrPMA_rep1_R1"	"SRR8932934_RNA_THP1_24hrPMA_rep1_R2"	"SRR8932935_RNA_THP1_0hrPMA_rep2_R1"	"SRR8932935_RNA_THP1_0hrPMA_rep2_R2"	"SRR8932938_RNA_THP1_2hrPMA_rep2_R1"	"SRR8932938_RNA_THP1_2hrPMA_rep2_R2"
1	34.89200644762209	35.04142629308409	34.89479278143453	35.037661346490495	34.903792954556266	35.36702591981369	34.86619568410549	34.90490379436737	34.868746872061756	35.26033554607079	35.09956821289836	34.878021738559525
2	34.86899262958504	35.03890277284567	34.873718371338974	35.02760187296606	34.87932040940873	35.3616531570651	34.84443072671066	34.92336159608576	34.859153336318634	35.256117699929824	35.100620431442465	34.863985088503256
3	35.311266555834926	35.2370003850241	35.303267019526274	35.20513843025084	35.29051940255665	35.53226466855482	35.273821709980936	35.1219190814099	35.30919721988441	35.43771634569907	35.2976440803877	35.318296730931536
4	35.64196557303511	35.31869226734316	35.634054298983465	35.28270623281806	35.60202991648462	35.58897882160821	35.56293307940753	35.187180630053405	35.63543383747387	35.47947678427379	35.34873844097073	35.64239741241999
5	35.820318923796854	35.40644697403328	35.824105196016525	35.37128381772155	35.79049602426788	35.67774732755666	35.778936356468606	35.301148659714094	35.82513253906436	35.57145581717909	35.458396138148345	35.83370249672906
6	35.798561092852104	35.459672867185276	35.79703669570448	35.3984922205437	35.76782477626978	35.72061413900609	35.775827390388976	35.32719032110471	35.80239270593947	35.58622088560492	35.47387153544624	35.82134111733332
7	35.74695664203513	35.398936082078976	35.751652971532295	35.35369646765393	35.709010935245395	35.64793826871371	35.69527364979512	35.27394396664523	35.75411119641303	35.533003612416536	35.410560802411155	35.7769467624031
8	35.85536723900899	35.38848939369733	35.87542632677225	35.36965307220823	35.829998979486874	35.6289410839679	35.82989951021359	35.281863657544584	35.86766949023032	35.577707996449746	35.462746401689	35.890159104181286
9	35.92450416030779	35.404787030702614	35.94984552641618	35.38170824474384	35.910751730908174	35.63357932375352	35.915372303515625	35.29084168215715	35.937478097656104	35.56077095129779	35.43863316360994	35.969235635013185
10	35.98479316086481	35.427624445978665	36.004627356785214	35.39799159929652	35.96956959960514	35.67826560134854	35.98956509929951	35.3126473601171	35.99973905702649	35.599844342987666	35.474060754181366	36.02971431422886
12	35.958192319250884	35.49514910094233	35.98094952065422	35.444700894248086	35.94179670712737	35.72474144247904	35.954176216319794	35.35879721432925	35.97677779300925	35.645333279684124	35.53271290097037	36.008810918484365
14	36.0018161829462	35.470553360335344	36.026056858695625	35.42215188734936	35.98385349263503	35.70384619479725	35.991643240998215	35.33825939263784	36.0223207626442	35.62666334319326	35.5112324736906	36.049727385012815
16	35.9594813951261	35.482292244573664	35.98557503849132	35.42536153816975	35.94413370378773	35.71362205494548	35.9520411038175	35.33419266493781	35.98161786154136	35.6293490013384	35.51451593790897	36.01156950230309
18	35.969618795006	35.525736373282896	35.99742188540175	35.46632355693695	35.95229303150133	35.736135607491946	35.96309931723674	35.380213139816206	35.99479299354503	35.66989900707182	35.54634711602563	36.02140684681862
20	35.960077849267876	35.53261514001493	36.00410369041013	35.474595864280815	35.95677376641918	35.74219493594755	35.96298711672652	35.39781507101988	36.0046237418673	35.684909730152405	35.55257401961043	36.00515710802305
22	35.933815614076664	35.47904332510956	35.97576142067392	35.4231795226342	35.92571137083374	35.705154375226414	35.936848091082375	35.33662046111846	35.97738183996488	35.6325351235114	35.5057713233042	35.976695359962825
24	35.88766841408739	35.45459664320842	35.939447051872854	35.39327078639133	35.88974165008841	35.6734386390563	35.90150880298633	35.31090033285554	35.94336921678382	35.6103936971098	35.4707866376778	35.9380120859739
26	35.7994114611309	35.44061575869098	35.85169964843845	35.378291174821975	35.79700241167377	35.65038853572426	35.79057848105433	35.28566364918731	35.85812674094207	35.59387219577059	35.44791438122864	35.84962376759631
28	35.791590842038005	35.40976576410249	35.83304435515646	35.35455648022845	35.77985416369356	35.625329309879014	35.78997267427431	35.25941275014816	35.83499212200853	35.57493783227501	35.415284656970215	35.827323972381684
30	35.749001482125614	35.359940459717166	35.80378812173427	35.317145729269	35.74456204486029	35.58379288823308	35.75510016900248	35.219800641230194	35.812358046285404	35.54098723337675	35.36223659637802	35.78785768575048
32	35.73003592846128	35.31156523922964	35.78938410739861	35.27864748655875	35.72799514758205	35.542094864166046	35.721623728049515	35.169175534653945	35.79752759745581	35.50844546218762	35.31145064134574	35.77312270478737
34	35.705466930552475	35.30958774404498	35.761222086953055	35.27930974745972	35.705565769580744	35.53678278332352	35.711970959768635	35.16460268589007	35.772153781921354	35.50684746742056	35.3024041797789	35.738570734130306
36	35.662151202168474	35.292511222417644	35.72416757391345	35.25832832079678	35.65530215650483	35.51896007171239	35.65551690320261	35.140867091620954	35.74107682657919	35.48236857890156	35.28588958446136	35.682842060983056
38	35.646467501105825	35.294537392142914	35.707863498818675	35.25102996958341	35.649340788161396	35.51765881583072	35.650774545457615	35.13494741465037	35.72117299485507	35.48222835273653	35.2774219908346	35.671990261586615
40	35.629709917990894	35.26568170950986	35.696417821028575	35.22950503662634	35.632413420540445	35.50045239529881	35.63265637372341	35.10898473575001	35.7142562670869	35.46491515403371	35.25810015387415	35.64664776449193
42	35.591647721917596	35.25239358114683	35.66433819359117	35.22117290519237	35.59351825000701	35.49219661308566	35.59899040645012	35.105827894779495	35.68001537895229	35.44989953381835	35.25127230406865	35.60350985565333
44	35.5197313004053	35.189946409472284	35.61145277846087	35.15008900055592	35.53094956993097	35.42548476660539	35.541640413034635	35.035708875500376	35.63718871110056	35.38850067726034	35.18229945168265	35.520455823845865
46	35.51517215145021	35.23030380115476	35.609194019217554	35.20141107021121	35.53088053409835	35.454811489422646	35.53024221085972	35.07871316894001	35.63414688994726	35.432834462701535	35.217723479904855	35.518656630378295
48	35.542070431296196	35.168291573289494	35.62532030558604	35.14105093320336	35.5380903221203	35.39719861904449	35.55565799537058	35.016827828934375	35.64555130572779	35.384228530178476	35.150697409942914	35.54863014003153
50	35.45658673151549	35.13652912208377	35.56117841711557	35.112598358956376	35.46621029197653	35.37017805641649	35.46951451040775	34.987932889469676	35.595498062787286	35.36118272967681	35.1142495515099	35.44313837553396
52	35.473974253743236	35.133148738911274	35.562219443050736	35.103074621522794	35.48306787413495	35.36235279047321	35.48594911522727	34.97605050405285	35.59778766211237	35.351107374345524	35.10997615462849	35.46635122294482
54	35.43404485842833	35.07885776474312	35.528241995262846	35.04928037104068	35.450828642174756	35.32233877188564	35.45098986111744	34.919021220701026	35.56313550602148	35.296460941811354	35.06054099271185	35.41918708626869
56	35.43529483902572	35.07751530251856	35.519650462067446	35.051292154372646	35.442606866477846	35.31818733414121	35.44070012569665	34.92161580342023	35.56103748577593	35.300556877314975	35.05498103546114	35.41560311442108
58	35.40857171677807	35.070095753150575	35.48179655698925	35.02742732829965	35.423533086072354	35.28943337939873	35.448487208318774	34.90727421876451	35.52563896736385	35.279770428412924	35.03316867455673	35.3854248663408
60	35.353040857734825	35.08191450466927	35.4308913781656	35.03665650380196	35.36857870194186	35.30073651519975	35.38940313507198	34.915049060947254	35.483255672937766	35.29022557360037	35.04299662993479	35.31929608034716
62	35.377472930199	35.054226494551415	35.46001501954394	35.01824876272139	35.392303059262545	35.28957152094471	35.40860386814768	34.882158377778794	35.49983392378526	35.269036292726696	35.022961563715555	35.370131659732465
64	35.325394220976506	35.003972302375246	35.39875519659864	34.971036975198686	35.34458455408659	35.246162002850525	35.36633290365171	34.840267573894266	35.44502179876706	35.22821191953589	34.97217511161131	35.30874467811952
66	35.33144965219423	34.93913090928555	35.394968569333464	34.907927189879956	35.34185913478173	35.18390122373144	35.36494481672264	34.77589852211467	35.442618109601945	35.16838327685974	34.90252312082005	35.30739809630819
68	35.31201407084752	34.94531619116003	35.38826843959568	34.90563057032114	35.337854522855224	35.18583195274374	35.350669805284156	34.78236124195719	35.446351236856046	35.16834771781399	34.90340879263452	35.28260529178968
70	35.29330070507194	34.91544296301059	35.372704696519364	34.862661559847325	35.31630195138577	35.14658383357789	35.33352868441446	34.74819125348853	35.435247282221155	35.1328043623774	34.8621813385425	35.25167148048665
72	35.20493162380234	34.8906096581014	35.30682191342888	34.848018883717835	35.234326070766286	35.13234419412396	35.254462653153226	34.72378450326609	35.377173756810265	35.118519091339806	34.83067635010757	35.16367693977302
74	35.179201511706715	34.861473990738	35.28873355360392	34.82642093027542	35.22078908229849	35.10598261971615	35.22081393856819	34.694480279385914	35.37046573591138	35.09525394305536	34.8042978997687	35.125129863507624
76	35.18919056743435	34.82341862890979	35.293541742445036	34.79043154375148	35.231545687071645	35.057394912304986	35.24171965932747	34.64990208703712	35.368332302803196	35.06679119885477	34.75220253286343	35.14456162241423
78	35.116104931103095	34.73710662003891	35.22435741940515	34.69430518045799	35.160817895277056	34.979714353903375	35.1524976827582	34.56273421447614	35.29943325288754	34.97722619757086	34.669654050878464	35.088145277792684
80	35.17116140439464	34.77124142449043	35.27526117369153	34.742027470336375	35.214836652338825	35.011586216384565	35.217241102044746	34.60035284121702	35.345493138243185	35.02213081594293	34.70068173974863	35.136668561155275
82	35.08163946521565	34.65343909612963	35.184782207094386	34.62344520660498	35.12985691572473	34.909680141302445	35.14415624540983	34.4766930638073	35.27181129921753	34.917214795530555	34.58051442200511	35.02794943253572
84	35.092424392131036	34.63061461356582	35.20309949005839	34.59737274275109	35.135919350697506	34.89087398512815	35.148264189623816	34.4616975864386	35.28717001123307	34.898936556729765	34.55462594656658	35.03107659523033
86	35.08384960772494	34.6642320883032	35.19540247561525	34.64598826282304	35.13753196345709	34.93001539638193	35.15580211599209	34.49971960952154	35.28133801708947	34.94011428499451	34.59320843921081	35.010819296411725
88	35.03205091153194	34.635980755275206	35.147001730437225	34.6203696565429	35.08155998213289	34.91309219619507	35.11175066351623	34.481136396060094	35.24104816859524	34.91747272347706	34.565228602438765	34.94074834297602
90	35.03820384747623	34.598955730179874	35.15043289680288	34.59257143053988	35.08312257933066	34.88493478804227	35.1074323947871	34.44380180027318	35.23532656098577	34.88787882032702	34.53627563679822	34.955933574503455
92	35.01036835633024	34.58026106306866	35.139169210123995	34.58644873698389	35.06226506090349	34.85923542907495	35.089724277771865	34.42643073852902	35.2175995787587	34.88308206463738	34.50174219588011	34.9328952822042
94	34.95267506714717	34.54697196461072	35.08985668339207	34.55016782538313	35.00996322950934	34.82495700046594	35.0306624378059	34.38674679089446	35.160030245045434	34.851483259893975	34.47224387323571	34.8851032469598
96	34.96255916839661	34.45329951622459	35.103908390235716	34.46255441910433	35.01637663739501	34.74002708882977	35.04503917151641	34.2889455536815	35.166830818136894	34.760912025324956	34.37901222352477	34.895684984386
98	34.880604323286846	34.39864965929166	35.04366615958752	34.415740232883614	34.94792171713937	34.70471770945015	34.962628535165514	34.22958522638059	35.120355017419726	34.710239843022705	34.34501835424492	34.78978785768575
100	34.90491969005015	34.36658886428105	35.06932787754553	34.381838680556285	34.9744209248695	34.67784632952735	34.975513697473744	34.198200528786984	35.13003844360432	34.676732227728415	34.32213517601968	34.84474390147216